,Unnamed: 0,song_id,artist_id,artist_name,artist_familiarity,artist_hotttnesss,title,song_hotttnesss,year,duration,loudness,tempo,artist_mbtags,release,release_7digitalid
71,71,SOVJXVJ12A8C13517D,ARCCRTI11F4C845308,White Heart,0.4773647524835352,0.33750728916593725,Where The Thunder Roars (Tales Of Wonder Album Version),0.2658610492106501,0,298.84036000000003,-9.998,113.277,none,Tales Of Wonder,148547
76,76,SOWHYUG12A58A77FAB,ARODBRG1187FB3FD99,Nick Cave & The Bad Seeds,0.6940216479070769,0.4794076755751476,She Fell Away (2009 Digital Remaster),,0,269.26975,-11.751,144.60299999999998,seen live,Your Funeral... My Trial (2009 Digital Remaster),413222
270,270,SOTVEKK12A8C1392E1,ARX9YIP1187B98A656,RUN-DMC,0.6869889546292448,0.6066301517291853,Hard Times,,1984,234.65751,-12.75,119.67,hip-hop,Run DMC,293884
344,344,SOUPIRU12A6D4FA1E1,ARJIE2Y1187B994AB7,Line Renaud,0.4702122956890726,0.3200869267523748,Der Kleine Dompfaff,,0,152.92036000000002,-9.843,124.75,none,Platinum Line Renaud,272703
406,406,SOGXQRO12A8AE47D50,ARN03F71187FB4E3F4,Ayo,0.5225901845504569,0.3906412358783116,Complain,0.0,2006,212.71465,-11.26,128.689,soul and reggae,Joyful,350343
469,469,SOVIRCP12AB01891FE,AROF4LP1187FB41C51,Selena,0.7483207030670265,0.5458659170701919,Ven Conmigo/Perdoname (Live),0.0,0,388.51873,-5.68,106.43799999999999,none,La Leyenda,756949
507,507,SOSMXVH12A58A7CA6C,AR6PJ8R1187FB5AD70,Shakira,0.833178526109065,0.8042197974467215,Pienso En Ti,0.7011242862199815,1995,148.1922,-19.976,115.066,colombian,El Amor En Los Tiempos del Colera (Love In The Time Of Cholera),439614
513,513,SOQSYGY12A8C137E0F,AROF4LP1187FB41C51,Selena,0.7483207030670265,0.5458659170701919,Como La Flor (2005 Re-mastering) (Live),0.0,0,329.58648999999997,-7.9510000000000005,182.168,none,Unforgettable,205255
538,538,SOLXOSZ12A8C1432E2,ARN03F71187FB4E3F4,Ayo,0.5225901845504569,0.3906412358783116,I Love You,,0,229.25016000000002,-16.113,128.02200000000002,soul and reggae,Outta Babylon & I Love You,319515
660,660,SOSYMSX12A6310DFE2,ARH6W4X1187B99274F,Radiohead,0.8999349522317316,0.6836580602023751,Subterranean Homesick Alien,0.7750235506643848,1997,267.20608,-9.148,150.84799999999998,rock,OK Computer (Collector's Edition),405065
675,675,SOWJNKL12A81C21F17,ARODBRG1187FB3FD99,Nick Cave & The Bad Seeds,0.6940216479070769,0.4794076755751476,Still In Love,0.5917584508236884,2003,283.74159,-11.765999999999998,116.62100000000001,seen live,Nocturama,275954
759,759,SOPNFTX12A67020455,ARE8GLF1187FB52532,Red Hot Chili Peppers,0.8339679720525084,0.5769038155883393,Get On Top (Album Version),,1999,198.05995,-1.479,76.986,alternative rock,Californication,30956
767,767,SODKPPT12A8AE46A99,AROIHOI122988FEB8E,Mario Rosenstock,0.3345427836570606,0.04903438084848781,De Tree Little Pigs,,0,319.63383,-5.849,79.09,none,Gift 2,281000
802,802,SOQLXXN12AB01800CD,ARVN9FZ1187FB393F1,Snow Patrol,0.8183193591388943,0.667294595643469,Chocolate,,2003,181.57668999999999,-6.473,117.96600000000001,northern irish,Signal Fire,351029
807,807,SOGRKKB12A8C14595A,ARXPPEY1187FB51DF4,Michael Jackson,0.8665203198102411,0.7665454507572961,HISTORY,,1995,249.99138,-2.617,128.702,pop,King Of Pop,316040
860,860,SOGWNKK12A6701D95A,ARVN9FZ1187FB393F1,Snow Patrol,0.8183193591388943,0.667294595643469,Half The Fun,0.7022897771717785,2004,174.602,-4.022,142.01,northern irish,Final Straw,2308
866,866,SORUWYJ12AB0181EBF,ART3O5Z1187B9AB043,Stevie Ray Vaughan And Double Trouble,0.7337989404362274,0.544257505724526,Empty Arms,0.6934784707666202,1996,184.2673,-10.72,98.62299999999999,jazz and blues,Martin Scorsese Presents The Blues: Stevie Ray Vaughan,391613
930,930,SOWIZXE12AB0184B34,AR6PJ8R1187FB5AD70,Shakira,0.8331785608902065,0.8042197974467215,Loba,,2009,222.37995,-5.16,128.217,colombian,Loba,554310
997,997,SOQUGOE12A6D4FA6FF,ARKC83D1187B9AB367,Bill & Gloria Gaither,0.4939261446863902,0.31962677591740224,Awesome God,0.2707759989463275,0,181.15873,-13.991,139.23,none,Israel Homecoming,64629
1010,1010,SOBANAT12A6D4F7501,ARE8GLF1187FB52532,Red Hot Chili Peppers,0.8339679720525084,0.5769038155883393,Naked In The Rain (Album Version),0.7064300720873594,1991,265.63873,-10.557,116.28200000000001,alternative rock,Blood Sugar Sex Magik,30962
1022,1022,SODDPYN12A8C132735,AR78ZID1187B9B31ED,Mikey Dread,0.5856831498303938,0.3604457658067229,Two Track Dub (Dub / Instrumental Reggae Music),,1982,373.26322000000005,-13.192,145.055,classic pop and rock,Dub Catalogue,243041
1041,1041,SOCHRGA12AB017D5CE,ARIRD6J1187FB5A98C,Sugar Minott,0.6069757372185262,0.38628965124618425,All Kind of People,0.0,0,211.06893,-11.706,121.28399999999999,none,Rewind Selecta: Up Tempo Collection Volume 3,444849
1050,1050,SOIVGSZ12AB017F898,AROIHOI122988FEB8E,Mario Rosenstock,0.3345427836570606,0.04903438084848781,Bertie's Pets (Bonus Material),,0,250.30485,-29.521,49.17100000000001,none,Gift Grub 10 (Deluxe Edition),637060
1052,1052,SOEBMOR12AB018E580,AR8BMEQ1187B9B4214,Pumpkin Buzzard,0.3911088846318064,0.2400984057529611,Bladecrash Electrocution,,0,193.20118,-5.111000000000001,68.936,none,Knowledge Zombie,773435
1057,1057,SOLKIQV12AC3DF5531,ARIRD6J1187FB5A98C,Sugar Minott,0.6069757372185262,0.38628965124618425,Mash Up Mi Life,,0,258.01097999999996,-10.475,156.972,none,Niney Presents: No Hiding Place!,740622
1083,1083,SOCXRMP12AB018578E,ARIRD6J1187FB5A98C,Sugar Minott,0.6069757372185262,0.38628965124618425,Now We Know,,2007,193.93261,-13.687999999999999,163.84799999999998,none,The Serious Reggae Album Vol 2 Prt 2,758028
1134,1134,SODOXQL12AB01843D3,AR6PJ8R1187FB5AD70,Shakira,0.8331785608902065,0.8042197974467215,Did It Again (featuring Kid Cudi),,0,242.02403999999999,-5.242999999999999,137.935,colombian,Did It Again Feat. Kid Cudi,662916
1153,1153,SOOUUQC12AF72A56E3,ARODBRG1187FB3FD99,Nick Cave & The Bad Seeds,0.694025280206236,0.4794076755751476,The Hammer Song (2010 Digital Remaster),,0,255.4771,-10.794,99.565,seen live,The Good Son (2010 Digital Remaster),776439
1178,1178,SODOOHJ12A6D4F4A74,ARVN9FZ1187FB393F1,Snow Patrol,0.8183193591388943,0.667294595643469,Shut Your Eyes,,2006,209.162,-7.077999999999999,125.057,northern irish,Shut Your Eyes,78472
1223,1223,SOOJFKG12A8C1334E6,AR12F2S1187FB56EEF,Aerosmith,0.8725365986697359,0.6107314629039089,Lord Of The Thighs,,1974,425.03790999999995,-10.943,108.662,heavy metal,Classics Live,284052
1317,1317,SOCXRVU12A6D4F87A2,ARIRD6J1187FB5A98C,Sugar Minott,0.6069757372185262,0.38628965124618425,Walking Dub,0.21508031850922796,0,192.15628,-9.256,161.721,none,Ghetto-ology + Dub,225997
1319,1319,SOYKSBN12AB017EF6B,ART3O5Z1187B9AB043,Stevie Ray Vaughan And Double Trouble,0.7337989404362274,0.544257505724526,Chitlins Con Carne,0.6273634475759199,1996,235.65016,-13.277000000000001,111.834,jazz and blues,Blues At Sunrise,405525
1328,1328,SOGVJTG12A6701E991,AR12F2S1187FB56EEF,Aerosmith,0.8725365986697359,0.6107314629039089,Angel,0.4150497723158296,1987,335.33342000000005,-5.763,76.096,heavy metal,A Little South Of Sanity,419069
1358,1358,SOFNTFC12AB0184512,ARBB58Y1187B9B621B,Bill & Gloria Gaither,0.4268827623466008,0.3333034182734665,He Will Lead His Children Home,0.0,0,162.06322,-12.37,110.167,none,When All God's Singers Get Home,550682
1444,1444,SOFMMKA12A58A7CBF5,AR9W3X91187FB3994C,Phil Collins,0.6559214175882668,0.5783016335967479,Welcome,0.5493423317879715,2003,216.92036000000002,-8.238,123.943,british,Brother Bear Original Soundtrack (English Version),653590
1468,1468,SOBUAFP12A6D4F9934,AROIHOI122988FEB8E,Mario Rosenstock,0.3345427836570606,0.04903438084848781,Smoke,0.0,0,44.19873,-17.472,79.05,none,Gift Grub 7,49859
1480,1480,SODZIBG12A8C13F4F3,ARVN9FZ1187FB393F1,Snow Patrol,0.8183193591388943,0.667294595643469,Chasing Cars,,2006,268.95628,-6.621,106.00200000000001,northern irish,Shut Your Eyes,216969
1486,1486,SOSDYXX12AB017AD6B,ARX9YIP1187B98A656,RUN-DMC,0.6869889546292448,0.6066301517291853,King Of Rock,,1985,446.32770999999997,-5.19,98.0,hip-hop,King Of Rock,386879
1508,1508,SOBPYWO12A8C133A1A,ARBB58Y1187B9B621B,Bill & Gloria Gaither,0.4268827623466008,0.3333034182734665,Holy Ground (Homecoming Hymns Version),0.2920974044616832,0,318.45832,-11.58,71.533,none,Homecoming Hymns,143822
1510,1510,SOAWMQC12AB0184136,AR8BMEQ1187B9B4214,Pumpkin Buzzard,0.3911088846318064,0.2400984057529611,Hard Pure,,0,228.0224,-6.827999999999999,118.796,none,Underneath Rotting,639881
1853,1853,SORXWXC12A6D4F87B3,ARJIE2Y1187B994AB7,Line Renaud,0.4702122956890726,0.3200869267523748,Gwendolina,0.0,1994,146.15465,-12.158,137.567,none,Les Années Chansons,34757
1941,1941,SODHPQS12AC907282B,AREWQSE1187B9AEC6C,The Jackson Southernaires,0.3230089909532323,0.3114376403272833,Lord We Give You All The Praise,,0,356.10077,-10.65,92.555,none,Hear Our Prayers O Lord,600648
1964,1964,SOWJAVO12AB0180222,AR8BMEQ1187B9B4214,Pumpkin Buzzard,0.3911088846318064,0.2400984057529611,Gumby Killed the Dinosaur (House Mix),,0,137.63873,-5.676,169.771,none,Perfect Dragon,639908
2022,2022,SODEXMV12A8C13B960,ARX9YIP1187B98A656,RUN-DMC,0.6869889546292448,0.6066301517291853,Faces,0.4507622416414992,1990,267.59791,-13.306,73.507,hip-hop,Original Album Classics,597033
2073,2073,SOKFQQD12A8C138826,ARBB58Y1187B9B621B,Bill & Gloria Gaither,0.4268827623466008,0.3333034182734665,Jesus Hold My Hand (The Best of Homecoming - Volume 1 Version),0.28517574266835705,0,196.17914,-12.493,116.90299999999999,none,The Best Of Homecoming - Volume One,155742
2179,2179,SOYIUPV12AF72AC56B,ARXPPEY1187FB51DF4,Michael Jackson,0.8665203198102411,0.7665454507572961,Tabloid Junkie,,1995,272.71791,-6.779,111.132,pop,HIStory - PAST_ PRESENT AND FUTURE - Book I,280410
2206,2206,SORURGG12A8C13E8BF,ARX9YIP1187B98A656,RUN-DMC,0.6869889546292448,0.6066301517291853,Crack,0.2707759989463275,1988,101.74649000000001,-6.905,96.686,hip-hop,Tougher Than Leather,307454
2207,2207,SORUIOA12A8C13F7CE,ARDW74M1187B98DA34,Bill & Gloria Gaither,0.4340263679025057,0.23451976036910785,Stand By Me (Freedom Band Album Version),0.2504203242358393,0,207.41179,-18.34,40.27,none,Freedom Band,116383
2222,2222,SOSRGHC12AB01869E0,AR7KA5V1187FB44E6B,The Del McCoury Band,0.6087035683375998,0.3622189568153929,Rain Please Go Away,0.0,0,161.95873,-11.68,104.79,folk,Celebrating 50 Years Of Del McCoury,758081
2263,2263,SOQOQNQ12A81C21F1B,ARODBRG1187FB3FD99,Nick Cave & The Bad Seeds,0.6940216479070769,0.4794076755751476,Rock Of Gibraltar,0.5908602981061548,2003,180.03546,-8.537,158.404,seen live,Nocturama,275954
2311,2311,SOCUDML12A5829113A,AREWQSE1187B9AEC6C,The Jackson Southernaires,0.3230089909532323,0.3114376403272833,Thank You Mama,0.0,0,248.99873,-13.795,129.034,none,Thank You Mama For Praying For Me...,600571
2312,2312,SOEERUL12A8C144976,AR7KA5V1187FB44E6B,The Del McCoury Band,0.6087035683375998,0.3622189568153929,Gone But Not Forgotten,0.6193058811154868,0,188.49913999999998,-7.659,170.079,folk,Del And The Boys,757780
2327,2327,SOUOOCR12AB0182781,ARN03F71187FB4E3F4,Ayo,0.5225901845504569,0.3906412358783116,Down On My Knees,,2006,240.95302,-10.372,182.705,soul and reggae,Down On My Knees,363783
2351,2351,SOAZIRE12A6702046F,ARE8GLF1187FB52532,Red Hot Chili Peppers,0.8339679720525084,0.5762019662804653,Venice Queen (Album Version),0.9117334982310724,2002,367.01995,-5.278,88.57,alternative rock,By The Way,9153
2377,2377,SOEHCUK12AC468B7DE,AR78ZID1187B9B31ED,Mikey Dread,0.5856831498303938,0.3604457658067229,Hot Cross Bun,,1982,193.12281000000002,-8.173,132.088,classic pop and rock,Rockers Vibration,606097
2380,2380,SONGBCL12A8C1410C2,AROIHOI122988FEB8E,Mario Rosenstock,0.3345427836570606,0.04903438084848781,Paint Ball,,0,199.57506,-11.924000000000001,84.87100000000001,none,Gift Grub 8 - The G Factor,171941
2424,2424,SOENTVS12A8C136556,ARIRD6J1187FB5A98C,Sugar Minott,0.6069757372185262,0.38628965124618425,Informer,0.3725300393660796,2008,226.40281000000002,-5.627000000000001,154.585,none,Dance Hall Showcase Vol. II,203410
2466,2466,SOHMIIR12A6D223C84,ARXPPEY1187FB51DF4,Michael Jackson,0.8665197540507962,0.7665454507572961,Just A Little Bit Of You,,1975,192.57424,-7.98,110.28,pop,Soulsation! The 25th Anniversary Collection,76202
2488,2488,SOKXVOM12AB0182BED,AR8BMEQ1187B9B4214,Pumpkin Buzzard,0.3911088846318064,0.2400984057529611,The Buzzard's Back in Town (Live),,0,61.570159999999994,-7.477,87.406,none,Perfect Dragon,639908
2498,2498,SOMUYLX12CF58288C9,ART3O5Z1187B9AB043,Stevie Ray Vaughan And Double Trouble,0.7830371095483493,0.544257505724526,Mary Had A Little Lamb,,1988,166.73914,-14.373,122.546,jazz and blues,Soul To Soul/ Texas Flood/ Couldn't Stand The Weather,395797
2513,2513,SOCVMHO12A6D4F9C77,ARODBRG1187FB3FD99,Nick Cave & The Bad Seeds,0.6815813054346181,0.4794076755751476,Stagger Lee,0.47643521964252894,1996,315.08853,-9.29,153.768,seen live,Murder Ballads,738
2574,2574,SOCMXKQ12A8AE47D58,ARN03F71187FB4E3F4,Ayo,0.5225901845504569,0.3906412358783116,Life Is Real,,2006,534.6215900000001,-9.158,122.91,soul and reggae,Joyful,185630
2575,2575,SOVEIBB12A8C13E5C3,ARE8GLF1187FB52532,Red Hot Chili Peppers,0.8339679720525084,0.5769038155883393,Snow [Hey Oh] [Live Version],,0,319.55546,-4.144,106.575,alternative rock,Snow [Hey Oh] [Live],218123
2581,2581,SOHNTPT12AB01835EF,ARYDFJA1241B9CBFF2,Jacques Douai,0.31385115159841964,0.14519082979005074,L'Etang Chimérique,,0,122.46158999999999,-18.803,79.003,none,Heritage - Florilège - BAM (1954-1978),368970
2667,2667,SOAPEEL12A81C21ADE,ARBB58Y1187B9B621B,Bill & Gloria Gaither,0.4268827623466008,0.3333034182734665,Til The Storm Passes By,0.0,0,175.15057,-17.452,75.06,none,Turn Your Radio On,275489
2702,2702,SOMJNVK12A6D4FC4B2,ARE8GLF1187FB52532,Red Hot Chili Peppers,0.8339679720525084,0.5769038155883393,American Ghost Dance (2003 Digital Remastered),,1985,231.23546000000002,-4.8180000000000005,111.541,alternative rock,Freaky Styley,59411
2709,2709,SOHECOV12AB018D6A2,AR7KA5V1187FB44E6B,The Del McCoury Band,0.6087035683375998,0.3622189568153929,Asheville Turnaround,0.5187598979970994,0,154.74893,-9.059,177.945,folk,It's Just The Night,757773
2722,2722,SOJGVAK12A8AE46A93,AROIHOI122988FEB8E,Mario Rosenstock,0.3345427836570606,0.04903438084848781,Radio Roy II,,0,339.33016000000003,-7.018,84.76899999999999,none,Gift 2,281000
2729,2729,SOXOMUO12AF72AA7D1,ARXPPEY1187FB51DF4,Michael Jackson,0.8665203198102411,0.7665454507572961,Dirty Diana,,1987,281.73016,-4.843,131.319,pop,Michael Jackson: The Ultimate Collection,312343
2817,2817,SOVAPNH12A8AE46E05,ARCCRTI11F4C845308,White Heart,0.4773647524835352,0.33750728916593725,Nothing But The Best,0.5033812362063191,0,222.06649,-4.744,99.374,none,Righteous Rock: Classic Christian Hair Bands,234939
2891,2891,SOPWMAU12AB017A832,ARCCRTI11F4C845308,White Heart,0.4773647524835352,0.33750728916593725,Edge Of The Dream (Emergency Broadcast Album Version),,0,273.8673,-11.706,162.817,none,Emergency Broadcast,484159
2914,2914,SOCRBAD12AB0186467,ARYDFJA1241B9CBFF2,Jacques Douai,0.31385115159841964,0.14519082979005074,Chanson De La Patience,,0,136.75056999999998,-22.504,103.12,none,Heritage - Récital n°3 & 4 - BAM (1956-1957),368977
2917,2917,SOCWFQT12AB0188AA1,ARYDFJA1241B9CBFF2,Jacques Douai,0.31385115159841964,0.14519082979005074,Le Dormeur du Val,,0,189.59628,-20.869,77.645,none,Heritage - Récital N°1 & 2 - BAM (1954-1955),368978
2923,2923,SOWVZIQ12A8C1433C9,AR7KA5V1187FB44E6B,The Del McCoury Band,0.6087035683375998,0.3622189568153929,Led By the Master's Hand,0.0,2006,173.97506,-9.329,140.9,folk,The Promise Land,757775
2955,2955,SOQGFVA12A8C13AE87,ARXPPEY1187FB51DF4,Michael Jackson,0.8665203198102411,0.7665454507572961,We're Almost There,,1975,222.37995,-9.631,187.42700000000002,pop,The Real Thing: The Jackson 5,296020
2979,2979,SOQOHSQ12A6D4F80D5,ARCCRTI11F4C845308,White Heart,0.4773647524835352,0.33750728916593725,Sing Your Freedom,0.0,0,299.36281,-8.797,126.15299999999999,none,The Early Years - Whiteheart,41813
3042,3042,SOAXZLM12A6D4F7A95,ARCCRTI11F4C845308,White Heart,0.4773647524835352,0.33750728916593725,Hold On,0.4274465714884309,0,221.20443999999998,-10.383,125.881,none,Whiteheart,80491
3049,3049,SONAEER12A67020459,ARE8GLF1187FB52532,Red Hot Chili Peppers,0.8339679720525084,0.5769038155883393,Emit Remmus (Album Version),0.7345132497062585,1999,240.19546,-2.267,112.961,alternative rock,Californication,9152
3131,3131,SOILEMF12CF530E512,AR9W3X91187FB3994C,Phil Collins,0.8145062235993344,0.5848368887194165,You Can't Hurry Love  (LP Version),,0,172.93016,-11.812999999999999,97.649,british,Hits,133451
3154,3154,SOJHLKF12A8AE47D4C,ARN03F71187FB4E3F4,Ayo,0.5225901845504569,0.3906412358783116,Welcome Into My World,0.0,2006,264.56771000000003,-11.522,185.89,soul and reggae,Joyful,185630
3232,3232,SOUHJKU12AB017DF67,ARH6W4X1187B99274F,Radiohead,0.8999349522317316,0.6836580602023751,Stop Whispering (US Version),0.6070366907455167,1993,250.8273,-14.748,122.428,rock,Pablo Honey (Collector's Edition),404997
3234,3234,SOJONVF12AB01866C3,AROIHOI122988FEB8E,Mario Rosenstock,0.3345427836570606,0.04903438084848781,The Best Of Radio Roy 1 (Best of 2009),,0,195.70893,-9.279,81.65,none,Gift Grub 10,637025
3236,3236,SOIWOPZ12A8C135EBA,AR12F2S1187FB56EEF,Aerosmith,0.8725365986697359,0.6107314629039089,On The Road Again,0.4432913119053975,0,217.23382999999998,-11.719000000000001,148.358,heavy metal,Pandora's Box,285396
3277,3277,SOOPVJI12AB0183957,ARVN9FZ1187FB393F1,Snow Patrol,0.8183193591388943,0.667294595643469,Just Say Yes,0.9459946798220404,2009,284.1073,-5.519,107.99799999999999,northern irish,Just Say Yes,623494
3311,3311,SOEEWVH12A58A78C98,AR78ZID1187B9B31ED,Mikey Dread,0.5856831498303938,0.3604457658067229,The Jumping Master,0.5361150919759297,1981,309.83791,-7.325,144.144,classic pop and rock,World War III,246071
3403,3403,SOCRVUE12A8C13F949,ARIRD6J1187FB5A98C,Sugar Minott,0.6069757372185262,0.38628965124618425,More Than I Can Take,,0,223.21587000000002,-12.914000000000001,159.715,none,Reggae's Finest Volume 1,248195
3407,3407,SOYWSDZ12AB01812FE,AR8BMEQ1187B9B4214,Pumpkin Buzzard,0.3911088846318064,0.2400984057529611,Death Adventure,,0,122.40933999999999,-5.94,119.984,none,Underneath Rotting,639881
3532,3532,SOUNTXT12A8C138FC2,ARX9YIP1187B98A656,RUN-DMC,0.6869889546292448,0.6066301517291853,Can I Get A Witness,0.4715782477005801,1993,216.65913999999998,-12.274000000000001,102.176,hip-hop,Down With The King,295238
3548,3548,SOYVHRG12AB0182A0F,ARVN9FZ1187FB393F1,Snow Patrol,0.8183193591388943,0.667294595643469,Just Say Yes,,2009,255.60771,-4.815,89.34700000000001,northern irish,Just Say Yes,635709
3555,3555,SOBTIQL12A6701FD2D,ARIRD6J1187FB5A98C,Sugar Minott,0.6069757372185262,0.38628965124618425,Make It With You,,2007,207.90812,-12.692,148.382,none,Good Thing Going,14869
3573,3573,SODJJHJ12A8AE493AF,ARIRD6J1187FB5A98C,Sugar Minott,0.6069757372185262,0.38628965124618425,Devil Pickney,,0,284.73424,-5.807,161.35299999999998,none,Taxi 3 Trio,237570
3641,3641,SONCOOV12A58A79316,ARCCRTI11F4C845308,White Heart,0.4773647524835352,0.33750728916593725,In His Name,,0,260.46648999999996,-14.275,82.53299999999999,none,Hotline,80490
3662,3662,SOPPEEZ12A6D4F87B2,ARJIE2Y1187B994AB7,Line Renaud,0.4702122956890726,0.3200869267523748,Il Y A Des Anges,0.0,1994,140.30321999999998,-12.755,117.537,none,Les Années Chansons,34757
3714,3714,SOVTNTH12A8C1421C9,ART3O5Z1187B9AB043,Stevie Ray Vaughan And Double Trouble,0.7337989404362274,0.544257505724526,Come On (Pt. III),,0,256.13016,-9.716000000000001,158.136,jazz and blues,Srv,312331
3789,3789,SOPGXXV12AB0183709,ARH6W4X1187B99274F,Radiohead,0.8999349522317316,0.6758870114182804,Bullet Proof ... I Wish I Was (Acoustic),0.699770063001443,1995,214.7522,-18.146,153.08,rock,Fake Plastic Trees,1036
3824,3824,SOPTRXF12A8C135387,AREWQSE1187B9AEC6C,The Jackson Southernaires,0.3230089909532323,0.3114376403272833,Jesus Can Work It Out,,0,187.32363,-6.749,110.709,none,A Touch Of Class,253908
3843,3843,SONMMXM12CF530E58E,AR6PJ8R1187FB5AD70,Shakira,0.8573199009058027,0.7172098545666633,Ojos Así,,1998,409.99138,-7.936,87.054,colombian,Shakira MTV Unplugged,399217
3848,3848,SOIKYJF12A8C138BB7,ARX9YIP1187B98A656,RUN-DMC,0.6869889546292448,0.6066301517291853,Run's House,,1988,201.82159,-5.0680000000000005,198.56400000000002,hip-hop,It's Like This - The Best Of,399641
3897,3897,SODJKTV12A8C137456,AREWQSE1187B9AEC6C,The Jackson Southernaires,0.3230089909532323,0.3114376403272833,Keep On Doing What I'm Doing,,0,193.25342,-11.703,115.262,none,All God's Children,262311
3919,3919,SOCYGVT12A8C13ED02,ARBB58Y1187B9B621B,Bill & Gloria Gaither,0.4268827623466008,0.3333034182734665,Farther Along (Favorite Hymns Sung By The Homecoming Friends Album Version),0.0,0,216.18892999999997,-9.488999999999999,111.321,none,Favorite Hymns From The Homecoming Series,116557
3941,3941,SOXHMJM12A58A7A33A,AR9W3X91187FB3994C,Phil Collins,0.6559214175882668,0.5783016335967479,Dance Into The Light (LP Version),0.6485574713757069,1996,262.00771000000003,-6.547999999999999,87.87100000000001,british,Dance Into The Light,19068
3966,3966,SOFZQHK12A8C13B23E,ARIRD6J1187FB5A98C,Sugar Minott,0.6069757372185262,0.38628965124618425,Try Love,0.37952332442218817,1977,290.35057,-11.107000000000001,158.05100000000002,none,Sugar Minott at Studio One,265616
3975,3975,SOVUTTU12AC468D67E,AREWQSE1187B9AEC6C,The Jackson Southernaires,0.3230089909532323,0.3114376403272833,It's All In The Word,,0,281.25995,-8.038,110.167,none,The Word In Song,598764
3998,3998,SOUSXAY12A8C1358FA,AR6PJ8R1187FB5AD70,Shakira,0.8331785608902065,0.8042197974467215,Poem To A Horse,0.7731945003032438,2001,246.43873,-6.025,93.98200000000001,colombian,Laundry Service,528854
4000,4000,SOZQVTJ12A6701D96B,ARVN9FZ1187FB393F1,Snow Patrol,0.8183193591388943,0.667294595643469,Wow,0.7714739235051018,2003,242.05016,-5.694,143.03799999999998,northern irish,Final Straw,15520
4003,4003,SOBHBII12A6D4F9FFA,AROIHOI122988FEB8E,Mario Rosenstock,0.3345427836570606,0.04903438084848781,HUM,,0,29.49179,-11.043,126.476,none,Gift Grub 7,49859
4016,4016,SOAYEQY12A8C140810,AR78ZID1187B9B31ED,Mikey Dread,0.5856831498303938,0.3604457658067229,Have you got a Minute to spare,0.2669551862755385,0,251.14077000000003,-10.099,158.813,classic pop and rock,Pave the Way,611206
4020,4020,SOLOLMU12A8C133FBB,ARCCRTI11F4C845308,White Heart,0.4773647524835352,0.33750728916593725,Let The Kingdom Come (Freedom Album Version),0.2814663219423595,0,301.81832,-12.245,86.096,none,Freedom,148126
4031,4031,SOBJUKG12A58A7DCA8,AR9W3X91187FB3994C,Phil Collins,0.6559214175882668,0.5783016335967479,Two Hearts,0.6953188147283269,1988,204.19873,-2.6889999999999996,155.843,british,Love Songs,1792
4073,4073,SOMXQEF12AB0181AF0,AROIHOI122988FEB8E,Mario Rosenstock,0.3345427836570606,0.04903438084848781,Obama's Election (Best of 2009),,0,216.13669,-8.767000000000001,211.688,none,Gift Grub 10 (Deluxe Edition),637060
4103,4103,SOIPXAK12A8C133A08,ARBB58Y1187B9B621B,Bill & Gloria Gaither,0.4268827623466008,0.3333034182734665,God Lead Us Along (Homecoming Hymns Version),0.2613002852051427,0,199.02649,-15.515999999999998,50.066,none,Homecoming Hymns,143822
4112,4112,SOPXSEX12A670204A0,AR9W3X91187FB3994C,Phil Collins,0.6559214175882668,0.5783016335967479,That's What You Said  (LP Version),0.5183103193207527,1996,260.96281,-6.68,129.72899999999998,british,Dance Into The Light,19068
4134,4134,SOJRFYT12A6D4F9972,AR9W3X91187FB3994C,Phil Collins,0.6559214175882668,0.5783016335967479,I Cannot Believe It's True,0.5519215149416955,1982,316.39465,-11.763,121.044,british,Hello_ I Must Be Going,40837
4256,4256,SOAMDMA12AB0186434,ARYDFJA1241B9CBFF2,Jacques Douai,0.31385115159841964,0.14519082979005074,Pauvre Jean,,0,60.890980000000006,-18.852,127.14,none,Heritage - Récital N°5 & 6 - BAM (1958-1959),368975
4257,4257,SOEBBWH12A6D4F8016,AROF4LP1187FB41C51,Selena,0.7483207030670265,0.5458659170701919,Estoy Contigo,0.0,0,198.45179,-10.333,104.795,none,Mis Mejores Canciones - 17 Super Exitos,27643
4368,4368,SOOGMXN12A8C13954F,AROF4LP1187FB41C51,Selena,0.7483207030670265,0.5458659170701919,Techno Cumbia,0.5333708783158672,0,225.17506,-7.572,90.971,none,Unforgettable,205256
4400,4400,SOZQDCY12A58A7D5CD,AREWQSE1187B9AEC6C,The Jackson Southernaires,0.3230089909532323,0.3114376403272833,When We All Get To Heaven,,0,272.53506,-9.217,113.64299999999999,none,The Word In Song,598764
4455,4455,SOOZYMQ12AB018E589,AR8BMEQ1187B9B4214,Pumpkin Buzzard,0.3911088846318064,0.2400984057529611,The Sector of Foliage,,0,271.49016,-5.877999999999999,104.19,none,Knowledge Zombie,773435
4464,4464,SOEGYJV12A8AE47396,ARIRD6J1187FB5A98C,Sugar Minott,0.6069757372185262,0.38628965124618425,Jah Jah Children,0.5647575777499548,1977,185.99138,-9.11,167.947,none,Strictly Vocals 2,477674
4472,4472,SOHHDMY12A8C136E9A,ARJIE2Y1187B994AB7,Line Renaud,0.4702122956890726,0.3200869267523748,Vous Qui Passez Sans Me Voir,0.0,0,179.93098,-14.729000000000001,80.053,none,Collection Disques Pathé,154721
4482,4482,SOEVOMG12AC4688558,AR78ZID1187B9B31ED,Mikey Dread,0.5856831498303938,0.3604457658067229,Livin in the Jungle,,0,152.00608,-12.449000000000002,159.659,classic pop and rock,Obsession,605561
4492,4492,SOVGAZH12A8C140274,ARX9YIP1187B98A656,RUN-DMC,0.6869889546292448,0.6066301517291853,Miss Elaine,,1988,185.23383,-4.92,124.993,hip-hop,Tougher Than Leather,307454
4498,4498,SOGPMDO12A58A7E070,AREWQSE1187B9AEC6C,The Jackson Southernaires,0.3230089909532323,0.3114376403272833,Leave You In The Hands,,0,212.40117999999998,-9.905,65.675,none,Hear Our Prayers O Lord,600648
4612,4612,SOKSXUB12A6D4F80DB,ARCCRTI11F4C845308,White Heart,0.4773647524835352,0.33750728916593725,Answer The Call (Powerhouse Album Version),0.4274465714884309,0,285.43955,-10.88,96.911,none,Powerhouse,148169
4649,4649,SOHBIHW12AB0187243,ARYDFJA1241B9CBFF2,Jacques Douai,0.31385115159841964,0.14519082979005074,Les Scieurs De Long,,0,191.65995,-16.516,108.28299999999999,none,Heritage - La Belle Se Promène - BAM (1978),368962
4652,4652,SOENOKK12AB018642B,ARYDFJA1241B9CBFF2,Jacques Douai,0.31385115159841964,0.14519082979005074,Mes Belles Amourettes,,0,114.33751000000001,-20.97,94.617,none,Heritage - Récital N°5 & 6 - BAM (1958-1959),368975
4752,4752,SONPFMD12AB017C1B3,AR6PJ8R1187FB5AD70,Shakira,0.8331785608902065,0.8042197974467215,Tú,,1998,214.12526,-10.65,139.95,colombian,Donde Estan Los Ladrones,573639
4787,4787,SOUPVWK12A6310EF7A,ARH6W4X1187B99274F,Radiohead,0.8999349522317316,0.6836580602023751,Fast-Track,,2001,197.45914,-7.037000000000001,103.476,rock,Pyramid Song,1022
4795,4795,SOZTNUV12A58A7FCB5,AR6PJ8R1187FB5AD70,Shakira,0.833178526109065,0.8042197974467215,Donde Estas Corazon,,1997,399.98649,-7.093999999999999,121.589,colombian,The Remixes,300411
4811,4811,SODUOQU12A58A7D2A8,ART3O5Z1187B9AB043,Stevie Ray Vaughan And Double Trouble,0.7337989404362274,0.544257505724526,The House Is Rockin',0.6787289814401122,1994,168.30649,-10.350999999999999,170.217,jazz and blues,In Step,284311
4873,4873,SOZMXUV12AF72A507A,AROF4LP1187FB41C51,Selena,0.7483207030670265,0.5458659170701919,La Llamada,0.5489508558007461,0,192.62649,-12.366,90.103,none,All My Hits - Todos Mis Exitos,157986
4880,4880,SOPMGRB12A6701E98E,AR12F2S1187FB56EEF,Aerosmith,0.8725365986697359,0.6107314629039089,Livin' On The Edge,0.43139461111414135,1993,324.07465,-5.746,101.66,heavy metal,A Little South Of Sanity,14330
4901,4901,SOHGJTR12A6D4FB972,ARIRD6J1187FB5A98C,Sugar Minott,0.6069757372185262,0.38628965124618425,Walking Through the Ghetto,0.3829350900750193,1979,186.8273,-6.975,164.93,none,Ghetto-ology + Dub,225997
4977,4977,SOMXMTB12A8C145406,AR7KA5V1187FB44E6B,The Del McCoury Band,0.6087035683375998,0.3622189568153929,Hillcrest Drive,0.4454545254934259,0,198.63465,-8.61,163.92,folk,It's Just The Night,757773
5001,5001,SOBBHAH12A6310FF6B,ARVN9FZ1187FB393F1,Snow Patrol,0.8183193591388943,0.667294595643469,Spitting Games,,2003,229.642,-14.847999999999999,74.57600000000001,northern irish,Snow Patrol: Sessions@AOL,450
5046,5046,SOQQXBH12A8C145D71,ARVN9FZ1187FB393F1,Snow Patrol,0.8183193591388943,0.667294595643469,New Sensation,0.4825353787970242,2009,214.5171,-14.309000000000001,114.954,northern irish,Snow Patrol Late Night Tales,613236
5089,5089,SOZKFHV12A6D4F996F,AR9W3X91187FB3994C,Phil Collins,0.6559214175882668,0.5783016335967479,I'm Not Moving,0.5968407035530287,1981,154.93178999999998,-15.433,100.042,british,Face Value,40836
5093,5093,SOACUYZ12CF54662F1,ART3O5Z1187B9AB043,Stevie Ray Vaughan And Double Trouble,0.7830371095483493,0.544257505724526,Couldn't Stand The Weather,,1985,281.05098,-9.882,121.616,jazz and blues,3 CD Slipcase,402900
5114,5114,SOFTYIA12AB0183B67,AR8BMEQ1187B9B4214,Pumpkin Buzzard,0.3911088846318064,0.2400984057529611,000GrandPno,,0,45.87057,-15.272,120.398,none,Perfect Dragon,639908
5154,5154,SOXSCPE12CF5F88012,AR6PJ8R1187FB5AD70,Shakira,0.8573199009058027,0.7172098545666633,Que Vuelvas,,1998,231.75791,-7.1739999999999995,123.861,colombian,Donde Estan Los Ladrones,287752
5202,5202,SOSQIHH12A8C13370B,ARH6W4X1187B99274F,Radiohead,0.8999349522317316,0.6836580602023751,15 Step,0.47643521964252894,2007,237.21751,-7.057,188.91,rock,In Rainbows,188863
5431,5431,SOJTBBU12A8C137839,ARJIE2Y1187B994AB7,Line Renaud,0.4702122956890726,0.3200869267523748,Ne Reste Que L'Amour (Only Love),,0,207.04608000000002,-13.47,76.222,none,Copacabana,291956
5474,5474,SOHFJZV12AF72A1E10,AROF4LP1187FB41C51,Selena,0.7483207030670265,0.5458659170701919,Las Cadenas(Live) (2005 re-mastering) (Live),,0,99.57831999999999,-8.936,197.352,none,Unforgettable,205255
5475,5475,SOUEFNG12A6D4F8640,ARVN9FZ1187FB393F1,Snow Patrol,0.8183193591388943,0.667294595643469,In My Arms,0.7322037161466802,2006,276.68852999999996,-5.098,84.595,northern irish,Eyes Open,31910
5604,5604,SOCKVDU12A58A7CB2B,AR78ZID1187B9B31ED,Mikey Dread,0.5856831498303938,0.3604457658067229,Rainbow Jungle (Dub / Instrumental Reggae Music),,0,159.99955,-14.883,145.618,classic pop and rock,Jungle Signal,252719
5607,5607,SOFOHYX12A6D4F814D,AROF4LP1187FB41C51,Selena,0.7483207030670265,0.5458659170701919,Tu Robaste Mi Corazon,0.34580223396532944,0,232.80281000000002,-8.573,85.772,none,Todos Mis Exitos Vol. 2,25407
5706,5706,SOJRGVK12CF5CFC527,ART3O5Z1187B9AB043,Stevie Ray Vaughan And Double Trouble,0.7830371095483493,0.544257505724526,Cold Shot,,1985,240.77016,-10.958,112.719,jazz and blues,Soul To Soul/ Texas Flood/ Couldn't Stand The Weather,395797
5736,5736,SOIHEVW12A8C13D051,AR78ZID1187B9B31ED,Mikey Dread,0.5856831498303938,0.3604457658067229,Pound a Weed,0.3775316449767025,0,201.9522,-9.351,175.628,classic pop and rock,Life is a Stage,218869
5766,5766,SOJKKDN12A8AE47D54,ARN03F71187FB4E3F4,Ayo,0.5225901845504569,0.3906412358783116,Down On My Knees,,2006,244.06159,-10.167,118.509,soul and reggae,Joyful,185630
5769,5769,SOLXSAG12AB01874BD,ARXPPEY1187FB51DF4,Michael Jackson,0.8665203198102411,0.7665454507572961,Morning Glow,,1973,217.96526,-8.486,100.648,pop,Gold,414918
5794,5794,SOBFLPE12A6D4F8687,ARXPPEY1187FB51DF4,Michael Jackson,0.8665197540507962,0.7665454507572961,Ain't No Sunshine,,1972,251.66322000000002,-11.880999999999998,152.44799999999998,pop,Love Songs,50798
5963,5963,SOKHMJO12AB01832DA,ARODBRG1187FB3FD99,Nick Cave & The Bad Seeds,0.694025280206236,0.4794076755751476,Wings Off Flies (2009 Digital Remaster),,0,246.46485,-11.936,103.145,seen live,From Her To Eternity (2009 Digital Remaster),413215
5974,5974,SOJYIEV12A8C130AAB,AROIHOI122988FEB8E,Mario Rosenstock,0.3345427836570606,0.04903438084848781,Radio Jay,,0,361.82159,-7.8389999999999995,100.09100000000001,none,Gift Grub: The Best Of 2004,281944
5997,5997,SOKTSYD12A8C13CB8F,ARX9YIP1187B98A656,RUN-DMC,0.6869889546292448,0.6066301517291853,Bob Your Head,0.4137398358601097,1990,227.5522,-12.654000000000002,64.101,hip-hop,Original Album Classics,597033
6001,6001,SOGBVJQ12AB01834A1,ARYDFJA1241B9CBFF2,Jacques Douai,0.31385115159841964,0.14519082979005074,Le Roi A Fait Battre Tambour,,0,143.43791000000002,-16.243,73.71600000000001,none,Heritage - Maintenant Que La Jeunesse... - BAM (1968-1971),368964
6103,6103,SOMPUMW12A8C13D654,AROF4LP1187FB41C51,Selena,0.7483207030670265,0.5458659170701919,Cien Anos,0.3277366831778408,0,190.35383000000002,-5.266,90.602,none,Mis Primeros Exitos - Selena 20 Years Of Music,301027
6145,6145,SOQUAIH12AB0181406,ARXPPEY1187FB51DF4,Michael Jackson,0.8665203198102411,0.7665454507572961,I Wanna Be Where You Are,,1972,182.7522,-8.962,207.544,pop,Hello World - The Motown Solo Collection,562561
6206,6206,SOSHODU12A6D4F87B7,ARJIE2Y1187B994AB7,Line Renaud,0.4702122956890726,0.3200869267523748,Sept Coeurs,0.0,0,166.39955,-8.762,155.065,none,Les Années Chansons,34757
6241,6241,SOVGRWF12A8C144940,AR7KA5V1187FB44E6B,The Del McCoury Band,0.6087035683375998,0.3622189568153929,She's Left Me Again,0.2658610492106501,0,170.94485,-11.732000000000001,143.431,folk,The Family,757779
6354,6354,SOQXKUW12AC9072842,AREWQSE1187B9AEC6C,The Jackson Southernaires,0.3230089909532323,0.3114376403272833,You've Got A Chance,,0,318.17098,-7.162999999999999,113.09200000000001,none,Hear Our Prayers O Lord,600648
6355,6355,SOXNERI12A6701E92E,AR12F2S1187FB56EEF,Aerosmith,0.8725365986697359,0.6111175034329808,What It Takes,,1988,314.27873,-4.82,70.876,heavy metal,Aerosmith - Universal Masters Collection,14320
6357,6357,SOKWINH12A8C136EA1,ARJIE2Y1187B994AB7,Line Renaud,0.4702122956890726,0.3200869267523748,Dis_ Oh Dis (Everybody Loves A Lover),,0,171.17995,-14.512,92.905,none,Collection Disques Pathé,154721
6394,6394,SOBKDCU12A6D4F80F6,ARXPPEY1187FB51DF4,Michael Jackson,0.8665197540507962,0.8085021367031329,Girl You're So Together,0.5069050641974842,1984,188.99546,-10.44,111.459,pop,The Motown Years 50,312635
6471,6471,SOQLJFO12A6D4F7503,ARE8GLF1187FB52532,Red Hot Chili Peppers,0.8339679720525084,0.5769038155883393,The Greeting Song (Album Version),0.7015192000067242,1991,193.43628,-9.959,134.221,alternative rock,Blood Sugar Sex Magik,30962
6539,6539,SOFPRHS12AB0186476,ARYDFJA1241B9CBFF2,Jacques Douai,0.31385115159841964,0.14519082979005074,M'En Vas A La Fontaine,,0,107.41506000000001,-20.243,241.24200000000002,none,Heritage - Récital n°3 & 4 - BAM (1956-1957),368977
6565,6565,SOREMQU12AB017D2DC,AROF4LP1187FB41C51,Selena,0.7483207030670265,0.5458659170701919,Disco Medley (Live At Houston Astrodome),0.0,0,222.11872999999997,-6.803999999999999,123.759,none,Movie Soundtrack,335846
6769,6769,SOEFDUR12A8C14337A,AR7KA5V1187FB44E6B,The Del McCoury Band,0.6087035683375998,0.3622189568153929,She Can't Burn Me Now,0.5799382520658115,0,234.16117999999997,-6.747999999999999,127.257,folk,The Company We Keep,757774
6879,6879,SOVAHZK12A6310F23C,ARH6W4X1187B99274F,Radiohead,0.8999349522317316,0.6758870114182804,Fake Plastic Trees (Acoustic Version),0.6074745483681705,2009,281.12934,-12.186,99.68,rock,Fake Plastic Trees,1036
6971,6971,SOTEHKT12A6D4F87BC,ARJIE2Y1187B994AB7,Line Renaud,0.4702122956890726,0.3200869267523748,Cent Mille Guitares,0.0,1994,159.76443999999998,-9.324,127.956,none,Les Années Chansons,34757
7134,7134,SOMUMTW12A6701C7B8,AR12F2S1187FB56EEF,Aerosmith,0.8725365986697359,0.6107314629039089,Cryin',,1993,308.76689,-3.947,105.804,heavy metal,20th Century Masters: The Millennium Collection: The Best Of Aerosmith,403756
7185,7185,SOOEXUJ12A6701E77F,ARODBRG1187FB3FD99,Nick Cave & The Bad Seeds,0.6940216479070769,0.4794076755751476,Loverman,0.6507670133977544,1994,382.01424,-7.971,137.589,seen live,Let Love In,8423
7223,7223,SODMJQQ12CF4E25877,ART3O5Z1187B9AB043,Stevie Ray Vaughan And Double Trouble,0.7830371095483493,0.544257505724526,Mary Had A Little Lamb,,1988,166.73914,-14.373,122.546,jazz and blues,Texas Flood,405566
7266,7266,SOXSPET12AB0183111,AR8BMEQ1187B9B4214,Pumpkin Buzzard,0.3911088846318064,0.2400984057529611,Captain Fury,,0,56.29342,-6.621,140.04399999999998,none,True Shift,639791
7310,7310,SOCMIQN12A8C1414C0,AR78ZID1187B9B31ED,Mikey Dread,0.5856831498303938,0.3604457658067229,Quest for Oneness,,1991,184.47628,-9.791,157.983,classic pop and rock,Pave the Way,611206
7364,7364,SOHTQAS12A6701C7BA,AR12F2S1187FB56EEF,Aerosmith,0.8725365986697359,0.6107314629039089,Crazy,,1993,319.73832000000004,-4.277,162.343,heavy metal,Get A Grip,14309
7375,7375,SOAKPEL12A6D4FC126,ARJIE2Y1187B994AB7,Line Renaud,0.4702122956890726,0.3200869267523748,En Écoutant Mon Coeur Chanter,,0,171.96363,-8.546,66.97399999999999,none,Platinum Line Renaud,272703
7383,7383,SOUYBZV12AC468E677,AREWQSE1187B9AEC6C,The Jackson Southernaires,0.3230089909532323,0.3114376403272833,Show Some Sign,,0,273.68444,-7.926,142.523,none,The Word In Song,598764
7414,7414,SOCOLDY12A6701E98B,AR12F2S1187FB56EEF,Aerosmith,0.8725365986697359,0.6107314629039089,Same Old Song And Dance,,1974,357.53751,-5.686,133.596,heavy metal,A Little South Of Sanity,14330
7450,7450,SOKROPT12A8C141885,ARN03F71187FB4E3F4,Ayo,0.5225901845504569,0.3906412358783116,These Days,,2006,288.31302,-18.328,82.723,soul and reggae,Joyful,121392
7480,7480,SOKYMFL12AF72A25AA,ARODBRG1187FB3FD99,Nick Cave & The Bad Seeds,0.694025280206236,0.4794076755751476,Sleeping Annaleah (2009 Digital Remaster),,0,196.62322,-10.168,125.11200000000001,seen live,Kicking Against The Pricks (2009 Digital Remaster),413221
7505,7505,SONZCGY12A8C1403C1,AROIHOI122988FEB8E,Mario Rosenstock,0.3345427836570606,0.04903438084848781,Mercedes Benz,,0,55.66649,-5.396,181.731,none,Gift Grub,270011
7512,7512,SONSQLD12A6310D960,ARODBRG1187FB3FD99,Nick Cave & The Bad Seeds,0.6815813054346181,0.4794076755751476,Where Do We Go Now But Nowhere,0.6359058668740022,2006,345.75628,-18.942,122.00200000000001,seen live,The Boatmans Call,1280
7566,7566,SOMLGKF12AB017DF3C,ARH6W4X1187B99274F,Radiohead,0.8999349522317316,0.6836580602023751,Vegetable (Live),0.5874265067023358,1993,188.31628,-9.958,115.906,rock,Pablo Honey (Collector's Edition),404997
7598,7598,SOHKTJX12AB0185A8D,ARIRD6J1187FB5A98C,Sugar Minott,0.6069757372185262,0.38628965124618425,A True,0.3041695034352752,1984,206.78485,-7.651,152.91,none,George Phang: Power House Selector's Choice Vol. 2,420159
7614,7614,SOTOMJM12A8C134AA2,AR12F2S1187FB56EEF,Aerosmith,0.8725365986697359,0.6107314629039089,Milkcow Blues,0.5954787482467339,1991,255.65995,-10.672,103.976,heavy metal,Pandora's Box (Display Box),290095
7701,7701,SODFKNA12CF5828911,AR6PJ8R1187FB5AD70,Shakira,0.8573199009058027,0.7172098545666633,Objection (Tango),,2001,224.52200000000002,-5.8229999999999995,179.486,colombian,Laundry Service,289398
7747,7747,SODQZAW12AB0184A51,ARH6W4X1187B99274F,Radiohead,0.8999349522317316,0.6046668763512903,You Never Wash Up After Yourself (Live),0.5287824809425877,0,102.45179,-21.343000000000004,87.279,rock,The Bends (Collectors Edition),405019
7764,7764,SOMMJVR12A6D4F98E0,ARE8GLF1187FB52532,Red Hot Chili Peppers,0.8339679720525084,0.5769038155883393,Hard To Concentrate (Album Version),0.7354556780509899,0,241.84117999999998,-7.95,105.294,alternative rock,Stadium Arcadium,32950
7803,7803,SODMJWA12A8C13BA03,ARX9YIP1187B98A656,RUN-DMC,0.6869889546292448,0.6066301517291853,Jam-Master Jammin',0.5183103193207527,1985,259.97016,-14.283,99.948,hip-hop,King Of Rock,296948
7811,7811,SOZNZIN12A6701E95F,AR12F2S1187FB56EEF,Aerosmith,0.8725365986697359,0.6107314629039089,Janie's Got A Gun,0.7309499060971577,1989,329.69097999999997,-6.6579999999999995,115.10600000000001,heavy metal,Big Ones,14327
7822,7822,SOUNWEU12CF5F88ADE,ART3O5Z1187B9AB043,Stevie Ray Vaughan And Double Trouble,0.7830371095483493,0.544257505724526,Ain't Gone 'N' Give Up On Love,,2005,368.63955,-12.077,150.582,jazz and blues,The Best Of,385526
7882,7882,SOCUEQK12AB018963A,ARYDFJA1241B9CBFF2,Jacques Douai,0.31385115159841964,0.14519082979005074,Bonjour,,0,42.4224,-18.497,120.56,none,Heritage - Jacques Douai Chante Pour Les Enfants_ Vol.2 - BAM (1961-1971),368967
7907,7907,SONTKHG12A81C22D4C,ARN03F71187FB4E3F4,Ayo,0.5225901845504569,0.3906412358783116,Only You,,2006,288.49587,-11.470999999999998,57.638999999999996,soul and reggae,Live At The Olympia,179500
7931,7931,SODZSJG12A6D4F87AF,ARJIE2Y1187B994AB7,Line Renaud,0.4702122956890726,0.3200869267523748,Mambo Bacan,0.0,1994,157.93587,-11.050999999999998,121.852,none,Les Années Chansons,34757
7964,7964,SOKIZGL12AB018342D,ARH6W4X1187B99274F,Radiohead,0.8999349522317316,0.6046668763512903,You (Demo),0.5459373813310376,2009,204.06812,-13.708,111.62899999999999,rock,Pablo Honey (Collector's Edition),404997
8070,8070,SOMDWZC12A8C13A065,ARBB58Y1187B9B621B,Bill & Gloria Gaither,0.4268827623466008,0.3333034182734665,I'll Meet You By The River (Southern Convention Songs Version),0.2960782280032645,0,194.82076999999998,-12.097999999999999,42.797,none,Southern Convention Songs,155721
8149,8149,SOBPTED12A6D4F99C7,AR9W3X91187FB3994C,Phil Collins,0.6559214175882668,0.5783016335967479,You Can't Hurry Love (Live),0.4574471670851005,1990,174.23628,-9.79,206.94099999999997,british,Serious Hits... Live!,41136
8218,8218,SOBUPHJ12A58A7C7F8,ARBB58Y1187B9B621B,Bill & Gloria Gaither,0.4268827623466008,0.3333034182734665,I Walked Today Where Jesus Walked,0.2744586351485087,0,290.06322,-14.492,152.606,none,Jerusalem Homecoming,64628
8234,8234,SODAABR12A58A7A953,ARBB58Y1187B9B621B,Bill & Gloria Gaither,0.4268827623466008,0.3333034182734665,I Never Shall Forget That Day (Reunion Album Version),,0,235.78077000000002,-9.456,145.907,none,Reunion,550685
8322,8322,SOWGJTP12AB018637B,AR8BMEQ1187B9B4214,Pumpkin Buzzard,0.3911088846318064,0.2400984057529611,Requiem Blaster,,0,120.00608000000001,-18.682000000000002,111.00399999999999,none,Perfect Dragon,639908
8325,8325,SODPYXE12A58A7AF97,AR78ZID1187B9B31ED,Mikey Dread,0.5856831498303938,0.3604457658067229,Problems,0.37952332442218817,0,289.64526,-6.46,137.746,classic pop and rock,SWALK,248564
8329,8329,SOKGYMR12A8C1433E3,AR7KA5V1187FB44E6B,The Del McCoury Band,0.6087035683375998,0.3622189568153929,Don't You Think It's Time To Go,0.2658610492106501,0,134.68688999999998,-11.197000000000001,106.21799999999999,folk,The Family,757779
8350,8350,SOEJCIN12A8C132263,AR78ZID1187B9B31ED,Mikey Dread,0.5856831498303938,0.3604457658067229,Your Love,,0,246.02077000000003,-15.011,162.009,classic pop and rock,Happy Family,246079
8374,8374,SOYBGAM12AB017A82A,ARCCRTI11F4C845308,White Heart,0.4773647524835352,0.33750728916593725,Speed Of Sound (Emergency Broadcast Album Version),0.2617333083746529,0,184.68526,-9.579,104.52,none,Emergency Broadcast,484159
8534,8534,SOTDEPN12AC3DF46DB,ARODBRG1187FB3FD99,Nick Cave & The Bad Seeds,0.6815813054346181,0.4794076755751476,Christina The Astonishing (2010 Digital Remaster),0.3829350900750193,0,290.95138,-15.456,109.85700000000001,seen live,Henry's Dream (2010 Digital Remaster),776437
8576,8576,SOBCSFE12A6D4F814A,AROF4LP1187FB41C51,Selena,0.7483207030670265,0.5458659170701919,El Chico Del Apartamento 512,,0,207.93424,-4.8,101.947,none,Todos Mis Exitos Vol. 2,25407
8577,8577,SOYHHHT12A6D4F7F97,AR9W3X91187FB3994C,Phil Collins,0.6559214175882668,0.5783016335967479,One More Night,0.8234792303926979,1985,285.98812000000004,-11.341,136.32,british,Hits,40839
8590,8590,SOJPNCH12A67AE0E21,ARN03F71187FB4E3F4,Ayo,0.5225901845504569,0.3906412358783116,Watching You,0.7711633221969872,2006,232.28036,-15.606,117.495,soul and reggae,Joyful,68828
8592,8592,SOGKNMB12AB0189683,ARYDFJA1241B9CBFF2,Jacques Douai,0.31385115159841964,0.14519082979005074,La Rivière De Ton Dos,,0,115.51302,-17.944000000000003,91.302,none,Heritage - Récital n°7 & 8 - BAM (1960-1961),368974
8703,8703,SOQXGVE12CF5F86D20,ART3O5Z1187B9AB043,Stevie Ray Vaughan And Double Trouble,0.7830371095483493,0.544257505724526,Tin Pan Alley (aka Roughest Place In Town),,2005,551.91465,-17.293,113.447,jazz and blues,The Essential Stevie Ray Vaughan And Double Trouble,290015
8707,8707,SOGHXZH12A8C1388B9,ARXPPEY1187FB51DF4,Michael Jackson,0.8665203198102411,0.7665454507572961,Heaven Can Wait,0.639791573117204,2001,289.38403999999997,-3.573,117.36200000000001,pop,Invincible,289547
8778,8778,SOMYGCE12A8C134338,ARCCRTI11F4C845308,White Heart,0.4773647524835352,0.33750728916593725,Change The Way (Highlands Album Version),0.2472480943708872,0,287.9473,-8.212,132.106,none,Attack!,148550
8829,8829,SORXSAJ12A6D4F92BA,ARVN9FZ1187FB393F1,Snow Patrol,0.8183193591388943,0.667294595643469,It Doesn't Matter Where_ Just Drive,0.5908906112984623,2006,217.57342000000003,-10.786,186.44,northern irish,Chasing Cars,358348
8847,8847,SOUASUS12A81C22D53,ARN03F71187FB4E3F4,Ayo,0.5225901845504569,0.3906412358783116,Girls,,0,463.59465,-9.932,208.832,soul and reggae,Live At The Olympia,179500
8893,8893,SODMADA12A8C139707,AR78ZID1187B9B31ED,Mikey Dread,0.5856831498303938,0.3604457658067229,Master Mantrol (Dub / Instrumental Reggae Music),,0,261.79873,-18.679000000000002,141.148,classic pop and rock,Mikey Dread Dubwise,252712
8920,8920,SOXAPVV12A67020F8C,ARODBRG1187FB3FD99,Nick Cave & The Bad Seeds,0.6815813054346181,0.4794076755751476,New Morning (Live),0.4072330149011048,1993,202.05669,-10.319,70.759,seen live,Live Seeds,10148
8993,8993,SOOYYUG12A8C1440CA,AR7KA5V1187FB44E6B,The Del McCoury Band,0.6087035683375998,0.3622189568153929,High On the Mountain,0.0,0,183.17016,-14.668,180.521,folk,By Request,758079
9078,9078,SOLSEJO12AB0187C4C,AR8BMEQ1187B9B4214,Pumpkin Buzzard,0.3911088846318064,0.2400984057529611,Red Castle,,0,41.24689,-12.319,105.115,none,Perfect Dragon,639908
9085,9085,SOZOEJC12CF5CFAD99,AR6PJ8R1187FB5AD70,Shakira,0.8573199009058027,0.7172098545666633,Estoy Aquí,,1995,366.70649,-7.098,123.448,colombian,The Remixes,300411
9133,9133,SOUMBKO12A8C135722,AR12F2S1187FB56EEF,Aerosmith,0.8725365986697359,0.6111175034329808,Reefer Head Woman,0.5662267608745746,1979,241.8673,-12.328,94.42299999999999,heavy metal,Night In The Ruts,289322
9224,9224,SOBXWUS12A58A7DF5C,AR9W3X91187FB3994C,Phil Collins,0.6559214175882668,0.5783016335967479,Please Come Out Tonight,,1993,346.5922,-15.017999999999999,89.921,british,Both Sides,40838
9294,9294,SOFSRCP12CF5CFD696,AR9W3X91187FB3994C,Phil Collins,0.8145062235993344,0.5848368887194165,Testify,,2002,392.82892999999996,-5.295,85.083,british,Love Songs,1792
9368,9368,SOHGJUI12AF72A724F,ARH6W4X1187B99274F,Radiohead,0.8999349522317316,0.6046668763512903,2 + 2 = 5,,2003,198.47791,-5.636,149.49200000000002,rock,The Best Of,257676
9390,9390,SOMMHHW12A6D4F9932,AROIHOI122988FEB8E,Mario Rosenstock,0.3345427836570606,0.04903438084848781,The Daddy,,0,277.75955,-12.617,116.052,none,Gift Grub 7,49859
9416,9416,SOTPYPV12AC907281F,AREWQSE1187B9AEC6C,The Jackson Southernaires,0.3230089909532323,0.3114376403272833,Lift Jesus Up,,0,235.36281,-8.922,103.916,none,Hear Our Prayers O Lord,600648
9419,9419,SOFMGHL12AB017AD79,ARX9YIP1187B98A656,RUN-DMC,0.6869889546292448,0.6066301517291853,Slow And Low,,1985,266.21342000000004,-7.662999999999999,163.88099999999997,hip-hop,King Of Rock,386879
9453,9453,SOOOWIC12A6701C7E5,AR12F2S1187FB56EEF,Aerosmith,0.8725365986697359,0.6107314629039089,Crazy,,1993,318.61506,-4.43,232.709,heavy metal,Young Lust: The Aerosmith Anthology,14312
9461,9461,SOCOZST12A67020452,ARE8GLF1187FB52532,Red Hot Chili Peppers,0.8339679720525084,0.5769038155883393,Parallel Universe (Album Version),0.7732927622105932,1999,269.34812,-2.9760000000000004,124.915,alternative rock,Californication,9152
9477,9477,SOXFQVY12A58A7B456,AR9W3X91187FB3994C,Phil Collins,0.6559214175882668,0.5783016335967479,Everyday,0.6140061731412001,1993,343.43138,-9.808,94.705,british,Both Sides,40838
9506,9506,SODDJEB12A8AE479D8,AREWQSE1187B9AEC6C,The Jackson Southernaires,0.3230089909532323,0.3114376403272833,Somewhere In Between,,0,338.12852999999996,-11.685,90.846,none,Power Packed,234069
9560,9560,SOLINYF12A8C141852,AROIHOI122988FEB8E,Mario Rosenstock,0.3345427836570606,0.04903438084848781,Fast Eddie,,0,136.46322,-12.657,121.79700000000001,none,Gift,269980
9651,9651,SOAZXQK12A6D4F9D99,ARE8GLF1187FB52532,Red Hot Chili Peppers,0.8339679720525084,0.5762019662804653,Buckle Down (2002 Digital Remaster),,0,203.96363,-5.735,110.875,alternative rock,Red Hot Chili Peppers,44355
9717,9717,SOAOPCG12AC468D27E,ARH6W4X1187B99274F,Radiohead,0.8999349522317316,0.6758870114182804,Everything In Its Right Place,,2000,249.93913999999998,-11.637,122.831,rock,The Best Of,257658
9801,9801,SOVBQWR12A8C137843,ARJIE2Y1187B994AB7,Line Renaud,0.4702122956890726,0.3200869267523748,Il N'Etait Pas Sentimental,0.0,0,140.56444,-11.616,100.869,none,Copacabana,291956
9805,9805,SOPKJJT12A8C1433B0,AR7KA5V1187FB44E6B,The Del McCoury Band,0.6087035683375998,0.3622189568153929,It's Surprising What the Lord Can Do,0.0,2006,171.67628,-8.472999999999999,208.567,folk,The Promise Land,757775
9901,9901,SOMNSHX12A58A79CD2,AREWQSE1187B9AEC6C,The Jackson Southernaires,0.3230089909532323,0.3114376403272833,No Coward Soldier,,0,273.16200000000003,-11.718,115.434,none,Power Packed,234069
9992,9992,SOJARSR12AB0184939,AROIHOI122988FEB8E,Mario Rosenstock,0.3345427836570606,0.04903438084848781,Munster Song (Best of 2009),,0,187.14077,-8.065,90.05,none,Gift Grub 10,637025
